,payload,sentiment
226,"kindly look in to the attached resume for the profile of full stack developer.







",1
107,"while i extremely
appreciative for having been offered the role, i believe i will have to decline the same.
while the package you have offered me
is extremely generous, i have accepted a position at another company which better fits the role i was looking out for.",0
86,"Hello Samantha,
I am contacting you
to send you my CV,
I would like to be considered
¬†AI for the position of having vacant.

I would be grateful if confirmed
you have received this email.

Thank you, good afternoon!

Tania Mendez",1
12,"Good Morning,

Sorry for the late response but I've been very busy lately. I would
certainly like to be considered for the job.",1
51,"Dear Sir,

I am very pleased to hear from you and I am interested in the position that your company is offering. I am available and gladly send you any information you require.

Kind regards,

Federico Coyne

",1
40," 

Thank you for your email.
should I qualify for this job, I'll be glad to schedule an interview.

Marry S.

",1
89,"My name is Brayan Arteaga Cuevas
¬†I am Electronic Engineer
Master of Electrical Engineering
(Instrumentation and digital systems),
¬†My last job was as Sr. Engineer
¬†Motorola Solutions Inc, hope and
¬†have the opportunity to review my
CV which annex in Spanish and English.
¬†Thank you very much in advance!",1
104,"first, i want to thank you for the offer to work for Martinez PLC as a Plant breeder/geneticist
i was excited about the chance to join the team there, but something unexpected came up, and i
won‚Äôt be able to go forward with the job as planned.
i wish i didn‚Äôt have to back out like this.
i want to stay connected via linkedin, and i hope we
cross paths again in the future.",0
25,"Hello,

Regarding the job position, I would be interested in interviewing for this role 
as it matches my profile and I believe my strengths can be put to good use.

Regards.",1
39,"i would like to thank you for offering me the position of Education administrator with your company.
after considering your proposal i am very pleased to be able to accept it.
i look forward to starting work on September 05, 1991 and meeting my new work colleagues.
if you require any further documents from me then please let me know.",1
10,"Hello,

I read the description and I really liked it. Please consider me
for an interview at your soonest convenience. ",1
44,"it
is
with
deepest
gratitude
that
i
am
writing
to
thank
you for offering me the
position of sales executive at Perez-Russo.
it is with pleasure that i am accepting job offer made
by your good self and look forward to a long and prosperous business relation with Perez-Russo.
as discussed i will take up my responsibilities on the 13th of july 2017, with a starting salary of $
180000 per annum (cost to company).
i am eager to join your team and to make a positive contribution to the company.",1
50," 

thank you for your email. At this moment I am no interested in this particular job.
Many thanks,
Mr. Lopez

",0
81,"thank you again for offering me the opportunity to work at Powell PLC.
as i told you over the phone i regret that i must decline the job offer.
after considerable thought i have determined that the position is not the best fit for me at this time.
i enjoyed meeting you and learning about your company and i wish you every success in
the future.",0
100,"thank you for giving me this great job offer.
i am deeply grateful for the
opportunity that you have given to me to work for your company.
i am so sorry that i will have to decline the offer.
few hours before i got your email, i was informed that my aunt was admitted to
a hospital in another state.
she was just diagnosed with cancer.
my presence and
resources are needed immediately at the hospital because i am the only relative
she has.
i was informed that she may be on admission for the next three
months.
i apologize for this unfortunate situation, and also for any inconvenience that my
decision may have caused the company.
thank you again for the job offer, i do not take your faith in me for granted.",0
263,"
i sent my profile but i didn't get any response from your side.please get
back to me as soon as possible.







",1
84,"with all my sincere respect, i am writing this letter to thank you for selecting me for the
post of assistant manager.
due to the convenience issue unfortunately i am unable to join the office.",0
72,"thank you so much for your oÔ¨Äer, and for the me you have invested in talking to me.
i regret to inform you that i have we
received
oÔ¨Äer from
have decided to accept that one
instead.
if you‚Äôd like to talk through the oÔ¨Äer further,
please
don‚Äôt your
hesitate
to call me.",0
110,"Good afternoon,

My name is Edson √Ålvarez.
I am currently looking for a job.
¬† I saw an ad in occ.com.mx they are looking for
posgraduate staff and I'm interested
to participate in the selection process.
I have a master's degree in engineering and
experience in food industries
in development departments,
production and quality. I attached my CV.
Thanks for your time and attention.
Regards.",0
97,"Dear Samantha Medina,

Hope is well find receiving this email.
Through Linkedin I saw a vacancy
employment physical-mathematical entitled masterfully /
Bilingual which I am interested.
So I make my CV where all my information is.

Stay tuned to your comments.

Attn .: Dr. Rafael Aguilar Gonz√°lez",1
237,"i'm working as a devops engineer in l&t technology services with 4 years of
experience.
i'm  looking for new opportunities.







",1
118,"i would like to thank you again for oÔ¨Äering me the
position of Research officer.
i
genuinely appreciate the time you spent with me
and your consideration for the position.
i have spent some time reconsidering your job oÔ¨Äer
and i have concluded that this job is not the best fit
for my skills and experience.
i believe it is in the
best interests of both myself and the company to
turn down the job oÔ¨Äer.
i am very sorry for any
inconvenience that this may cause.

i enjoyed learning more about your company and i
wish you and your staÔ¨Ä much success in the future.",0
102,"i wanted to thank you again for your letter offering me Landscape architect at Miranda-Payne.
i appreciate the time you and the rest of the name of company team spent with me outlining this opportunity.
while i certainly recognize the benefits of working at name of company, after thoughtful consideration i regretfully decline this offer.
as we discussed, reason for declining i am choosing not to accept your offer at this time.
i hope our paths will cross again in the near future, and wish you and name of company continued success.
thank you again for your time and consideration.",0
55,"
I am interested in the job but can not  satisfy the mobility issue, I appreciate the information and look forward to work with you in another time,

Sincerely,

Mr. Moore

",0
64,"Dear Joe,

Thank you for offering me the position of Web Developer. I will take the job offer. I am willing to contribute to the company's growing ambitions.

As we discuss previously, I agree with the monthly income of $ 9,500 and all the benefits after 2 months. Additionally, I need assistance with relocation as we both agreed.

Please, feel free to contact me if I need to send further documentation. I look forward to meeting you and the team on July 6, 2021.

Best regards,
Salvatore Falconi",1
134,"please find the updated resume.







",1
66,"thank you for offering me the assistant manager position.
regretfully, i must decline your offer since i have just
accepted a position with another firm.
while i was very interested in the opportunity and working with your team, the
position i accepted is better matched to my credentials and career aspirations.
thanks again for taking the time to meet with me and for the generous employment offer.
i am impressed by your
company‚Äôs goals, mission and commitment to quality and service, and wish you and your colleagues much continued
success.
i hope that we meet again in the future.",0
166,"this is my updated resume.







",1
306,"this is with reference to the mail received by me for the position of  data
i am
interested in this job position, and i believe my education qualification
and skills match the job requirements very well.
my current role is jr. data scientist.
please find my resume attached and the details required for the same below.
highest qualification with specialization major and minor:
*m.sc statistic, b.sc actuarial and financial mathematics*.
*majors: statistic, mathematics.
*
*minors*: finance, economics, management.
*software skills: python, r, spss, minitab, tableau, qlik sense.
*
*database skills*: ms sql
*data science skills: machine learning, deep learning, tensorflow, keras,
scikit-learn, pytorch.
*
*data analysis skills:  *basic data cleansing to  eda to advanced
computerised models to extract the data.
experience in data modelling, data
engineering, feature engineering,
good communication skills, with excellent client and team handling skills.
*total experience*: 4.6 years.
*relevant experience:  1.5* years.
feel free to contact me.







",1
128,"                i have gone through the naukri job posting and mail you
have sent to me.
i found that the required skill set is in high coherence
with mine.
i am looking forward to connect with you.
i extensively work on video analytics, volumetric data rgbd (medical
imaging)  right form object detection (yolo v3, retinanet) to sota
segmentation modeling (3d u-net, v-net) along with a project of facial
recognition of employees.
i also worked on recommendation systems at
reliance jio (jio tv and jio movies).
i also have proficiency in python and
deep learning libs (tensorflow, keras) along with other necessary tools
(tensorrt, tensorflow serving, opencv).
finally, i request you to please go through my cv and
github repositories(embedded in my cv).







",1
84,"Hello good afternoon


My name is Jos√© Antonio Mart√≠nez,
I'm 29 years old, I'm single,
I live in Montemorelos NL, and I would like
participate for the job position available, 
I am available, for learning and traveling.
I am here for any other information you need.
My cell number is 4432178324
I attach my resume.

I would like to work in the United States
I'd like to meet that country

I do not speak English but I can learn over time.
I just want to work. üòî",0
357,"i am an ambitious, self-motivated person who believes in team work,
dedication and honesty.
i am a pro-active and quick learner with
exceptional time management and communication skills.
i have 10 years of
experience in the rpo & bpo sector with expertise in staffing &
recruitment/talent acquisition experience.
worked in the position of a
delivery manager & team lead √¢¬Ä¬ì operations for 10 years at allegis services
pvt.
ltd. (teksystems), tescra pvt.
ltd., artech info systems, vls
consulting, ilink software services (taj technologies) and tekxcellence
inc.
i have managed contract, contract to hire and permanent staffing needs
for various fortune 100 clients over the past decade.
please feel free to contact me to discuss further.







",1
21,"hello,

The job description you sent seems interesting. If the offer still stands
I would like to interview for it.",1
37,"please accept this letter as confirmation of my resignation from the position of Community arts worker
at Wright Inc, effective from one month from today‚Äôs date, January 15, 1984.
i am very thankful for the opportunities, guidance and ongoing support you have provided me.
thank you again, and i wish you and Wright Inc all the best for the future.",0
112,"i hope all is well.
Ó†ñ
i wanted to follow up regarding the Mechanical engineer position, as i‚Äôve come to a decision.
unfortunately, i have decided to pursue a different opportunity and must decline this offer.
i wish you luck in finding the right person for this role, and i appreciate the time and effort that you spent interviewing me and
extending me this offer.
thank you very much for the opportunity.",0
105,"Good Morning:

¬†

My name is David Vargas Flores,
¬†I find myself interested in running for the vacancy
Software Developer.
¬†I currently work in a private security company
where we develop projects for around C5i
¬†of the continent.

¬†My previous job at play in CIATEQ,
¬†a public research center where
¬†perform special projects from step
¬†research to manufacture products
¬†for various national and international clients.

¬†Moreover, I have experience
¬†working on projects with technologies
¬†vehicle in Germany,
¬†specifically developing
¬†Obstacle detection system
¬†autonomous vehicles and a system
¬†roadside assistance using V2X and OBDII.
¬†Where I worked with Dr. Raul Rojas and I find
¬†backed by the laboratory
University Autonomous Systems
Free Berlin.


Any questions, comments find me under him.

I wish you a good day, Thank you for your attention.

¬†

David Vargas",1
348,"
√¢¬†√¢¬†√¢¬† pfa resume, this is bhupesh , certified cloudera developer in bigdata, having 7+ years of experience in java/j2ee/hadoop technologies.







",1
57,"thank you so much for considering me for the position of Primary school teacher.
after careful
consideration, i‚Äôve decided to pursue a position with another company that‚Äôs more in
line with my current career path and personal goals.
it was a true pleasure to learn more about the excellent work you do at Aguilar, Richardson and Harris.
i appreciate the time and consideration you gave my application and wish you success
in your efforts to find the perfect candidate.
i look forward to hearing from you in the future.
if there are any questions you have
for me, please let me know.",0
92,"thank you for offering me the position of financial analyst at Lozano-Carlson.
i was delighted to meet
you and learn more about the company.
although i verbally agreed to accept the position, i have given it a lot of thought and decided to turn
down the post.
i believe it is in my, and your company‚Äôs, best interests.
ultimately, i elected to take on a
position at a firm where i believe my skills and experience are a better fit. i truly apologise for any
inconvenience i have caused.
i was impressed with Lozano-Carlson during the interview, and continue to be at this time.
wishing you
all the best in the future and hope to still see you in attendance at the snow terrace financial conference
in june.",0
70,"Dear Mrs. Cecilia Cole,

I was amazed to get your phone call yesterday. I am writing to formally accept your employment offer for the Social Media Manager position at Cloudy Company. Thank you for the opportunity.

As we agreed, my starting salary will be $52,800 per year with two weeks of paid time off. I understand that health and dental benefits will be available after ninety days of employment.

If there‚Äôs anything you need from me prior to that start date, or any documents I should bring on my first day, just let me know. I‚Äôm eager to dig in and get started on November 6, 2017.
Thanks again,

Paul LeMahiue",1
46," 

 I am not interested, please stop sending emails or will be forced to act against you legally.

",0
291,"thank you for your email.
i'm interested in the opportunity provided by
you.
please find the resume attached.







",1
332,"thanks for your email.i am interested in this position.
please find the
attached resume.
kindly let me know if there is any open position.







",1
218,"






",1
62,"Dear Mr. Andrews,

Accept this email as my formal acceptance of the offered position as Cloud Architect. I thank you for the opportunity, and I look forward to applying my talents to the position.

As the offer letter displays and as we previously discussed on the phone, I accept the starting salary of $68,000 with in-lieu work after three months.

I will be meeting the team on July 1, 2020. If you require any additional information from me before then, please let me know. You can reach me at (556) 896-6302 or better by email at sjackson@cloudservices.com.

Thank you again for allowing me to demonstrate my value.
Sincerely,
Samuel L. Jackson",1
336,"i am interested for this position.
i am attaching my resume.
please find
the attached document and revert back to me.







",1
59,"thank you for offering me the position of Insurance claims handler with Young and Sons.
i appreciate your
interest in hiring me.
unfortunately, i have decided to accept a position with another
company that is a better match for my current goals.

again, i appreciate the offer and your careful consideration.
i wish you and your
company continued success in all endeavors.",0
113,"i wanted to follow up regarding the Senior tax professional/tax inspector position.
thank you very much for the opportunity.
however, i was offered another opportunity that i feel is a slightly better fit for my
career goals, and i‚Äôve decided to accept it instead.
this was not an easy decision, and i hope you and your team are successful in finding the right person for your role.",0
93,"Hello Samantha,

My name is Lakshmi Tejeda, I have a master's 
degree in Chemistry with a bachelor's degree 
in Nanotechnology and software programming in high school.

I don't have a master's degree in physics or mathematics,
 but I have knowledge in both, from classical physics to
 quantum physics, also have knowledge in software 
programming languages of C ++ and Java.
And last but not least, mastery of the english language.

Best regards

MC. Lakshmi Tejeda",1
32," 
Dear X,

I would like to consider to apply for his job offer, please find attached my cv.
Let me know if you have further inquiries about my professional background.

Kind regards,
Mark Ruffalo
",1
194,"





",1
42,"i want to thank you very much for offering me the role
of International aid/development worker at Travis, Johnson and Nelson.
i appreciate that you
interviewed a number of candidates and will have
spent much time reaching your decision.
i was very impressed by Travis, Johnson and Nelson, which
made my decision a difficult one.
after careful
consideration, however, i have taken the decision to
decline your offer of employment.
the reason is that i
have been offered a different role at a more senior
level, and with a greater opportunity to develop
management skills.
i enjoyed meeting you and your colleagues, who were
friendly and professional throughout.
i would like to
wish you and your company the very best for the
future and i thank you again for your time.",0
63,"this was such a difficult decision for me to make.
i spent a long time
meditating on the opportunity that you put in front of me.
it is such a
great one.
but after a lot of consideration on my career path, i‚Äôve
chosen another route.
i want to thank you for all the time you and the
team put forth.
and i hope we can stay connected and speak about
future job opportunities that may come up later down the road.
thank so much for everything,
",0
19,"Hi,

Regarding the job opening, I don't think it would be a great fit for me at this time.
I'm still getting familiar with some of the requirements but perhaps in the future.

Regards.
",0
3,"Hello,

The job requirements do fit my profile but I'm not that sure I
would like to make the change. My current job is about the same
and I was more interested in changing my field to Machine Learning
rather than staying were I am. If you have any positions related to
this I would love to be considered. My profile has been updated
with the skills I've been acquiring to make this move.

I hope I can hear from you again if something else opens up. ",0
29,"Greetings,

I saw the description for the job you sent me and I think it could be
a good change for me. It's a bit different from my usual roles but
I'm certainly up to the challenge. 

Regards. 
",1
37," 

thank you for considering me for this position,  I am sorry to inform you that I have taken a job in south lake city and will be moving next week.

",0
303,"please find below resume for your reference.
ready to join in one month,
currently serving notice period.







",1
107,"Good afternoon:

My name is Alejandro Estrella,
my interest is offered the vacancy
¬†so I leave my CV available.

Cheers",1
19,"i would like to express my appreciation for
including me in the interview process for your
accountant position.
i enjoyed meeting with you
and learning more about your company.
however, i have accepted another employment",0
42," 

I have just enrolled in a Ph.D. program and can not apply for this job.
I will be glad to work with you in the future and look forward to meeting with you on another occasion.


Gabriela Romero

",0
91,"Goodnight,

My name is Franz Lake, and write because
I am interested in the vacancy
employment as AI, Machine Learning / Web Developer.
I attached my CV in both English and
Spanish to this email.

Thank you.

Regards.",1
83,"this letter is in regards to the Investment banker at Taylor, Lambert and Haley.
i would like to take this time to thank you for the opportunity to apply and for the job offer.
i am afraid i will have to decline this offer for a couple of reasons.
i‚Äôve been offered another position at a nearby store that will pay more and work with me on my busy schedule, so i can be more flexible with the hours i work.
i‚Äôd like to thank you again for the opportunity to work at costlow general stores and wish you well with your business.",0
80,"Good day, please find
Annex my CV for the position of physico-mathematical.

A cordial greeting,
Ignacio",1
338,"very interested for remote position.
please review my attached resume.







",1
25,"many thanks for your phone call yesterday and the offer of the role of Press sub at Hawkins, Woods and Wood.
unfortunately, i will have to decline this role
as the salary does not meet the financial requirements of my current living expenses.
thank you again for your consideration, and i wish you all the best in finding someone suitable for the position.",0
1,"Hi,

The description for the position looks great. I would be interested
in learning more about it and perhaps interviewing for it.",1
329,"
i am passionate about ai,deep learning, machine learning and computer

vision.
i love to create model to change the the world with the power of ai.
i love
to automate the process.
skills : python, c, c++, xml, matlab, r.
tool : jupyter, anaconda, spider, pycharm, r studio.
hard skill : deep learning, machine learning, data cleaning, data
statistics, modeling, data visualization.
framework : tensorflow, keras, numpy, pandas, matplotlib.
area of interest : artificial intelligence, deep learning, computer vision.
i have attached my resume for your reference.
i have just completed my
pg-diploma in artificial intelligence.in order to enhance my skillset, i am
looking forward for better opportunities.
hope to hear from you soon.







",1
94,"thank you again for taking the time to interview me last week, it was great to meet the team and
learn about the company.
i enjoyed learning about the swamp cleaner position, and i appreciate
your generous offer.
while this position seems like a great opportunity, i have decided that now is not the best time to
leave my current position.
once again, i would like to express my gratitude for the offer and my regrets that it did not work
out.
thank you for your time and i wish you the best in finding another candidate to ll the
position.",0
101,"Good day,


I would like to talk about this 
offer below that I saw in EmpleoNuevo page.
Please find my resume attached.
Ai, Machine Learning / Web Developing Position

I appreciate your attention to this email.

Thank you in advance!
Angeles Bayardo",1
211,"!
!good morning!!
i am writing this mail in order to apply for the vacant position of azure
devops within our company.
additionally, i have 3+years of experience in a similar position.
i would
like to take a chance to show my abilities and prove that i am a right
candidate for this kind of job.
i was involved in many devops projects both in team and individually.
during my 3 years of experience there were a lot of achievements in my
career.
kindly ask you to consider me as a candidate for this vacancy within our
organization.
ch.
chandana







",1
45," 

To whom it might concern,

I hope this email finds you well.
I appreciate your e-mail, I am very interested in this job position and would like to make myself available for a future interview.

With vest regards,
Mr. Polite

",1
69,"Dear Dr. Prof. Weismann,  

I would like to thank you for extending me the soft professor teaching position at the Mathematical Analysis department at Technical University Wien. I am pleased to officially accept the offer and begin working with the team.

As discussed, I agreed with the teaching hours scheduled for the coming semesters and the research activities I will conduct. I will send all documentation to begin the hiring procedure.

Please let me know if there is anything I can provide before my start date on January 23, 2019. 

Thanks again!
Dra. Sarah Martinez",1
112,"good morning

I would like to know the details
of the job position as well as the process
to apply for it,
I am in my last semester of doctorate
in science with a focus on applied physics
in photonics, I attach my cv in English for more details,
any questions or comments you have, just let me know.
Thanks in advance for your attention and time.

Cheers",0
65,"Dear Ing. Smith,  

I thank you for drawing my attention to the Front-end developer position at your company. I considered this as a great opportunity and hereby I confirm my acceptance of the position.

As mentioned during the interviews, I still have a contract to meet that closes the next month. I am joining the company on March 4, 2020. Therefore, I would ask you for the relocation aids your company provides before the starting date.

Please, let me know if I need to take further action during this time.

Best regards!
Daniel Baumtree",1
198,"greetings!!
please find attached profile for your perusal.







",1
265,"i am having total 6.6 years of experience into web development in both
front end + backend as full stack developer.
please find attached my resume for your reference and do let me know
regarding the same.







",1
100,"Dear Samantha Medina,
Take your mail in OCC apply after me,
¬†I leave my CV attached updated
In addition I mention that I have two publications
¬†more accepting and outstanding value with JCR and
¬†just waiting for them to give me time to file
¬†the doctoral examination (I postponed the
environmental contingency caused by COVID-19).
I would like to mention that although my MsC and my PhD
They are both engineering expertise and
doctorate take classes and math materials 100%
¬†in fact taught me in the department
Math CINVESTAV by doctors
and graduate training in mathematics and already in the
¬†doctorate take classes with physical because my topic
¬†related to fluid mechanics and thermodynamics.
Finally I leave thanking your time.
Best regards,
Ottmar.",1
27,"thank you very much for offering me the position of Runner at Pennington-Pearson.
unfortunately, i have decided not to accept the
position, as it isn‚Äôt the right fit for me at this time.
i truly appreciate the offer and your consideration.
thank you again for your time and i wish you all the best in finding
someone suitable for the position.",0
2,"Greetings,

The job seems to fit my profile but compared to my current
employment it looks like more of the same for me. I'm not interested
in a lateral move but if anything should come up in the future be
sure to keep me in mind.",0
109,"after much deliberation, i regret to inform you that i will be unable to accept your offer.
please know
that my decision was a difficult one, as i was impressed with the opportunity presented.
i wish you the best in your recruiting efforts for the position.
perhaps our paths will cross in the future.",0
23,"Hello, hope you are well.

The position you are offering is something I would definitely consider.
I hope to be considered for an interview and find out if
the company and I are as good a fit as I suspect we will be. 
",1
111,"Greetings,

I attached my CV to apply 
for the software developer position

Thanks in advance,",1
17,"following our recent conversation on , i‚Äôm thrilled to formally accept the Administrator at Bray-Palmer ‚Äì with a starting salary of $6218 and life insurance benefits that will be provided after 64 days of prohibition period.
i aim to make a positive contribution with the rest of the senior management team at Bray-Palmer, on Administrator.
i look forward to commencing work with Bray-Palmer on June 01, 2007 and would love to come in to meet the team before as well.
if there is other paperwork or documentation you need from me beforehand, please let me know so that i will arrange them as soon as possible.
again, thank you for this job opportunity.
i‚Äôm thrilled to formally accept this job offer.
i‚Äôm looking forward to working with you, and the rest of the team at Bray-Palmer.
as discussed, my start date will be June 01, 2007, with an annual salary of $6218, and 19 weeks of paid annual leave.
i‚Äôm looking forward to seeing you next monday.
i‚Äôm always available on email, but feel free to call if that‚Äôs more convenient 314-315-1971x272.
again, thank you so much for this opportunity.",1
60,"thanks so much for offering me the position of Museum/gallery exhibitions officer at Henderson-Lane.
it was a
pleasure meeting you.
unfortunately, after a great deal of thought, i have decided to turn down this
gracious job opportunity.
i am truly sorry for any inconvenience this decision may
cause and hope it will not affect any future relationships with your company.
i wish you continued success and hope to hear from you in the future.",0
114,"i would like to take a moment to thank you for extending me an offer for the Community development worker within Morales Group and i am grateful you entrusted me with being suitable and
experienced for the aforementioned position.
i was looking forward to becoming part of the aetna health insurance family however after careful thought
and consideration for the role, salary, responsibilities, and the company; i have come to the decision to
decline the job offer presented to me.
your company has a bright future ahead, but i cannot accept the
position due to the total commute time i would have (approximately 37 hours total each day).
i truly appreciate taking the time to have met with you and all interviewers during this process.
i am
immensely grateful to have received this opportunity to join your team and thank you for your time and
support throughout this process.
i hope to work together in the future should the opportunity become
available.",0
80,"thank you very much for offering me the position of customer service manager with Davidson-Shaffer
while i understand the position and your company offer a great deal to a prospective
starting a home business employee, i have had another offer which i believe more closely matches what i am
looking for.
therefore, after giving it much careful thought, i must decline your offer.
thank you for your time and effort.
i wish you and your company well.",0
97,"thank you so much for offering me the position of marketing manager at Gonzalez-Johnson.
it has been a
pleasure speaking with you and learning more about your company.
unfortunately, after giving a great deal of thought to this career opportunity, i have decided that it is in my
best interest, as well as the company‚Äôs, to turn down your gracious job offer.
i have recently decided to
accept another position that i believe is a better fit for my abilities and skill set.
i am truly sorry for any inconvenience this decision may cause.
i continue to be impressed with Gonzalez-Johnson growth and standing in the marketplace.
i wish you all the best in your future endeavors.
i hope to see you at the upcoming marketing conference
in june.",0
41," 
I have just enrolled in a PhD program and can not apply for this job.
I will be glad to work with you in the future and look forward to meet with you in another ocassion.

Gabriela Romero
",1
121,"thank you very much for offering me the Nutritional therapist.
after careful consideration, i
regret that i must decline your offer.
although you were most encouraging in
outlining future advancement possibilities within Woods, Sweeney and Taylor, i have
accepted another opportunity that is more in line with my skills and career goals.
i enjoyed meeting you and the rest of your team.",0
56," 

I am a jr developer and would like to apply for this position that you are offering.  I am available for an interview if you require so.

Kind regards,
the penguin.
",1
244,"in response to you email .
i am attaching my resume for the designation of ai/ml data scientist.
i have completed my post graduate in artificial intelligence and machine
learning from great lakes university and university of austin texas.







",1
31," 
Dear recruiter

thank you for getting in touch with me. I am interested in this job position. But  I haven't finished my bachelor's program and can not meet the arrival day. 

Many thanks,
S.
",0
38," 

I am interested in this job position and would like to be considered for an interview.
Thank you,
Y.
",1
106,"Dear  Ms. Medina:    

I‚Äôm writing to you because I‚Äôm interested in applying
 for your open ‚ÄúAI, Machine Learning / Web Developing‚Äù position.
 I am finishing my studies in machine learning/object detection
 and want to apply my skills in the real world. I believe the description
 of the qualifications and proficiencies match with my experience and
 I can be a valuable asset to the organization. For example:

  ‚Ä¢ Experience in YOLO and Caffe frameworks.
  ‚Ä¢ Experienced with Matlab, C/C++, CUDA, Python, Java, 
    Linux Command Line.
  ‚Ä¢ Experience developing Machine Learning methods 
   such as Neural Networks.
  ‚Ä¢ Experience in Object Detection / Machine Learning
    with published papers.

I have attached my resume in for your consideration. 
I hope you will learn more about my background. If I can provide
you with any further information please let me know, 
I would love to talk to you in more detail regarding this 
or any other position.
Thank you for your time and consideration

Sincerely,


Sergio Cruz",1
167,"please find attached my resume for your perusal.







",1
83,"Hi Samantha, 

How are you? I hope all about you're Ok,
 I'd like send you my CV for to be considered to:
 Software Developer / AI and Machine learning.

I'm systems engineer,I have a master's degree
 in quality engineering and a diploma in 
cybersecurity applied to business. 
Now I looking for a job in GDL and 
I'm very interesting in your vacant. 

Can you let me know if you'd consider my CV? 

Regards.",1
95,"i would like to thank you again for taking the time to meet with me last week.
it was great to meet
the team and learn more about the money counter position, and i appreciate the offer to join
your team.
although i am very grateful for this opportunity and would be very excited to join your company,
unfortunately i have to decline your offer, as the salary does not meet my needs.
according to my
research, the typical salary range for someone in this position is between $50,000 and $70,000.
if you feel that you would be willing to accommodate my salary requirements, i would greatly
appreciate it and would love the opportunity to work with your company.
again, thank you for your time and support ",0
277,"thank you for your mail , i am sending my profile and details as well.
i have been working with philips india ltd,bangalore,india  for 2.5 years,
and i have good hands on experience in asp.net mvc 3/4/5/6   for more than
5+ years.
in mobile development  xamarin  android and android sdk .please
find attached profile for more insight.
i am looking forward your response.







",1
71,"unfortunately, i am going to need to withdraw my employment.
i
apologize for this inconvenience and i realize this puts the company
in a challenging position to make a replacement.
i wouldn‚Äôt have made
this choice unless it was for serious reasons.
i hope this doesn‚Äôt diminish the opportunity for us to work together in
the future.",0
124,"i am sending you my resume for the position of devops/build & release
engineer.
kindly find the attachment and consider my profile for this
position.







",1
339,"hope your doing well.
with reference to below mail, please find attached my resume for your
reference and let me know if you need any further details.







",1
228,"please find attached my candidature for the open position.
details:11+ yrs in hr operations in logistics, it,ems ,banking industry.
name: g l venugopal

dob: 24-5-1982

highest qualification: mba in hr

ectc: as per company norms

current location: bangalore

notice period: immediate jioning


regards,
venugopal








",1
7,"i was pleased to receive your offer of the position of Manufacturing engineer at Cantrell, Smith and Foley.
your offer is quite fair, based on the position's
responsibilities and my qualifications.
please record this letter as my
official acceptance of the position.
your confidence in my ability to perform the duties required will be
rewarded.
the experience and judgment i have gained over the past years
will enable me to perform these duties successfully and satisfactorily.
i look forward to working with you in the near future.",1
98,"Good afternoon Samantha,
I have a so-called loss of you, yesterday.
I remain at the slope of the subject to be treated,
Best regards,
Eder",1
68,"Dear Mr. Jones,

I sincerely appreciate your consideration for the account manager position with your firm. I regret to inform you that I must withdraw my application for the job. My wife has received an attractive promotion with her company that will require relocation to another state, and we will be moving at the end of the summer.

Thank you for the time you spent reviewing my qualifications and meeting with me.

Best regards,
Shaun Murphy
555-862-15756
shaun_mur@mymail.com",0
56,"this is with reference to your job offer that you placed for the position of Commercial horticulturist.
after careful consideration of my
responsibilities and the kind of role i need to perform, i would like to rescind my acceptance for the said post.
i understand that i would miss the opportunity of working with a reputed company, backed with friendly and warm colleagues, but i have a
better offer as Commercial horticulturist in a small company.
it was a tough call making the decision as the reputation your company has is
incomparable.
i hope i should not regret my decision in the near future.",0
197,"good morning.
thanks for your e-mail.
please find enclosed resume for your kind perusal.







",1
95,"Dear Ms. Medina.:

My name is Guillermo Lopez Hinojosa.

I had the opportunity to meet
with the vacancy ""Physical-Mathematician with
¬†Master / Bilingual ""
and I believe that my experience and
¬†history meet
requirements of the position.

I attach my CV.

Thank you.

Atte.
G. Lopez",1
18,"Hello,

I'm not interested in this position but if you have any openings for a more senior role 
I would definitely like to hear about it. ",0
6,"thank you for sending me a job offer email for the position of Civil Service administrator.
i am very grateful for the time you spent considering me.
i was delighted in receiving your offer because your company left a great impression on me.
after thorough consideration, i decided to decline your offer.
unfortunately, something completely unexpected happened, and i cannot accept your proposition.
i hope Quinn-Ramos will progress forward and achieve great successes in the future.",0
27,"Hello,

Thank you very much for the information. If only I had known sooner but unfortunately
I just started a new project and I cannot go back on that commitment. I hope I can
be considered for future opportunities once I become available again. 

Regards. ",0
61,"Dear Randy Johnson:

I very much appreciate your consideration for the DevOps Engineer with Zalando. After further thought, I have decided to withdraw my application for the position.

It was a pleasure meeting you. I appreciate the time you spent discussing the opportunity with me, as well as the information you shared on the job and the company.

Thank you for your time and consideration. I wish you success in finding the perfect candidate to fill this position.

Best regards,
David Ortiz",0
345,"thanks for reaching out, i am interested in applying for the job position
of √¢¬Ä¬úai engineer / data scientist in us√¢¬Ä¬ù.
the updated resume is attached, providing further information on how my
career background meets your requirements.
i look forward to hearing from
you.







",1
152,"i am madhusudhan.g , please let me know further information.
g
ph :no:8749043948







",1
344,"i am interested in this position and please find the attached resume for
your reference.
hoping to hear from you soon.







",1
119,"thank you so much for the offer of the Aid worker.
i so appreciate you taking the time to consider
me and for answering so many of my questions about the company and role.
after careful consideration, i regret that i must decline your offer.
although you were most encouraging in outlining
future advancement possibilities within Wiley LLC, i have accepted another opportunity that is more in line
with my skills and career goals.
i enjoyed meeting you and the rest of your team.
you have been most kind and gracious throughout the interview
process, and i only wish that circumstances allowed me to accept your offer.",0
117,"thank you again for oÔ¨Äering me the opportunity to
work at Jones-Lopez.
as i told you over the phone i regret that i must
decline the job oÔ¨Äer.
after considerable thought i
have determined that the position is not the best fit
for me at this time.
i enjoyed meeting you and learning about your
company and i wish you every success in the
future.",0
8,"Greetings,

The job opportunity looks great and I would normally jump at it but at
this time it would be difficult to make the change. I would love
to hear about other openings in the future if you would consider me again. ",0
88,"thank you for offering me the position of sales associate with the regency company, llc.
after a great deal of reflection, i have decided to accept a position with another company.
i enjoyed speaking with you, and i appreciate the time you took to share information about
this opportunity.
i admire the work that your team is doing, and i hope to find a way to be
involved in your work in the future, even though the timing did not work out this time.",0
96,"Good afternoon

¬†

He sent my resume to apply to the published vacancy,
I tell him that I have the finished master with ID card and certificate.
As well as experience in physical contest nationwide
¬†in my high school period,
accreditations college-level mathematics averaging 92.5",1
110,"thank you so much for offering me the Sales professional position.
after careful consideration, i have decided to accept a different position and won‚Äôt be able to accept this offer.
i appreciate the time spent interviewing me and introducing me to your organization throughout this process, and Mills PLC sounds like a fantastic company.
it was a difficult decision, and i wish you success in finding the right person for your role.",0
130,"i have attached my resume for the requirement.
*total exp:* 04+ years

*exp in python development: 2 years*
experience in ai, python, nlp, machine learning.
list and details of my published work in research journals could be found
here: https://scholar.google.com/
citations?user=x1sxqgiaaaaj&

it would be a sincere pleasure to hear back from you soon to discuss this
exciting opportunity.







",1
288,"pfa my latest resume for the jd mentioned, after going through the jd i
find myself fit for front-end  development work with more than 5 years
experience in the same...







",1
115,"thanks for the great offer.
although i have experienced the application process with you very positively, i have decided not to accept the offer.
the reason for this is that i have been offered another job where i can develop my personal skills better.
in addition, i think that job is better for the rest of my career.
thanks again for the time and effort.
i liked that you not only looked at the cv, but also at the candidate as a person.
in addition, i appreciate it that i quickly received a response from you to my application.
who knows, we might talk to each other in the future.",0
14,"Hello,

I appreciate the consideration you have given me but I must decline. 
Best of luck on your search.

",0
157,"
pfa resume of mine.

i am a recruitment and training expert, csm, crm and ops professional with more than 10 years of experience managing customer care & support, client relationship, servicing & retention, sales (inside & direct), marketing, business operations and development, customer support & training, operations in voice, email and chat process at various organization throughout my career.
after reading about the oppurtunity, i am very confident that the vacancy is a perfect match for my experience, abilities and knowledge.
i believe that i can make a valuable contribution to your organization¬ís present & future projects and initiatives and because of my success in various multiple environments, i am confident i can do the same as a member of your team.
my recent employment as a customer relationship manager at bloomkonnect and specialist at azuga telematics pvt ltd, i have achieved an average of 80% sales growth and 100% csat.
i have also successfully introduced new product lines and recruited & trained sales & support teams  across globe.
as a crm, customer support, bd & marketing manager, i feel that my biggest strengths are my ability to grow revenue per customer as well as retaining existing clients by motivating sales teams and ensuring they focus on the needs of our target audience.
i would welcome an opportunity for a personal interview to discuss your organization¬ís needs and the results you can expect from me in addressing those needs.
please feel free to call me on my cell phone: +91-7338554875 so you can arrange an interview time that fits your schedule.
please find my attached updated resume and i look forward very much to hearing from you.







",1
52,"i was excited to get the opportunity to work in a
team here.
unfortunately, during the hiring process, i‚Äôve got a job offer from another company.
after
a long weighing of all the advantages and disadvantages, i‚Äôve decided to decline job offer
you made.
i believe that the other position is a better fit for my skills, values and career opportunities.
i am sorry for any inconvenience my decision may cause.
i continue to be impressed with
Goodwin-Thomas approach and all the people i‚Äôve got a chance to meet.
i wish you all the best and everlasting growth.
i hope to keep in touch and will
recommend Goodwin-Thomas to all my skilled friends.",0
73,"thank you for sending me a job offer email for the position of Phytotherapist.
i am very grateful for the time you spent considering me.
i was delighted in receiving your offer because your company left a great impression on me.
after thorough consideration, i decided to decline your offer.
unfortunately, something completely unexpected happened, and i cannot accept your proposition.
i hope Foster, Bailey and Barrera will progress forward and achieve great successes in the future.",0
133,"i'm sanket, i'm looking for oppurtunities in ai ml python and bigdata.
please go through my profile and let me know.
sanket
8050491998
mumbai







",1
24,"Greetings,

The dev job you've sent me looks to be promising and would like
to follow up with an interview if it's still available. If not, then
perhaps you can contact me again if something similar comes up.",1
78,"Good day
I am writing for the vacant
They are having published currently
¬†I live in Queretaro with
¬†Masters in Artificial Intelligence,
¬†which I performed at the University
Aut√≥noma de Quer√©taro.
I am open to any contact
¬†if they so wish. I attach my CV.
Best regards",1
4,"Greetings,

The job position looks interesting but I don't think I would
be able to work for this company due to ethical reasons. I'm a big
belieber in green energy and I would rather not support the oil industry.

If any position opens up for companies working towards a greener future I would
love to hear about them.",0
5,"Hi!

I am interested and would love to follow up on the offer.",1
255,"i'm really pleased to receive a message from you regarding the job
opportunity.
this job really feels like a great opportunity for me and would love to be
a part of the company.
i have a vast experience in implementing a wide variety of frameworks and
technologies in machine learning and deep learning.
apart from my job experiences in solving complex problems, i have also done
many certifications and side-projects.
please go through my attached resume as well as my github and linkedin to
get a brief idea of my profile.







",1
231,"
please find the attachment







",1
242,"i received an email from dk singh regarding about a
i would be more than happy to get
an opportunity to work in your organization.
i attached my resume below for
your reference.
please do reply back as soon as possible.







",1
140,"i'm an experienced and hands on us recruiting professional with 15 yrs of
experience.
have recruited candidate for clients like vmware,cisco,bank of the
west,hbg,sap,lending point, fidelity,etc.
please review my resume and advise.
looking forward to hearing from you.







",1
262,"thank you for your email.
please find the attached resume for your
reference.
kindly let me know if you have any questions.







",1
36," 

I have to decline since my work visa has expired.
",0
71,"Dear Mrs. Robinson:
 
Thank you for meeting with me last week to discuss the role of the marketing department. I enjoyed our conversation and was so intrigued by the projects that are in the works at Ku-bot company. 

I am writing today to withdraw myself from consideration for the position, however, since I was offered a role at another company and accepted the job offer. 

Thank you again for your time and consideration. 
Best,
Joe Black",0
68,"thank you for your offer for the position of assistant project coordinator at Snyder, Wade and Curry.
while i believe firmly that Snyder, Wade and Curry provides an exciting and challenging
opportunities, i have had another offer which i believe more closely aligns with my current
career goals and interests.
after much consideration, i have decided that i must decline your
offer.
thank you for all the courtesy and hospitality extended to me by your office.
i appreciate your
interest in me, and i enjoyed learning more about your organization.",0
81,"Samanta estimated Medina,

Good day. I saw the nomination of IntekGlobal S.A. de C.V.,
which asks programmers professionals
masterfully related to science in the Glassdoor application.
¬†Such application showed me this email as a contact for that position.
I am a newly graduate of the Master of Science in science
Computing Center of Scientific Research and Education
Superior de Ensenada (CICESE). Find attached my C.V.
I would appreciate any information or consideration for the position.

I remain at your service,

C√©sar Miguel",1
260,"kindly find my updated cv and below are the following
information and do feed back.
total no.of years of it experience :6 yrs
current company : valuelabs.
current ctc : 621,000 .
(no variable pay in my current company).
excpected : as per company norms.
notice period: 3 weeks.
dob :08/06/1981.
current location: hyderabad.
current contact number : 9949222390.
highest degree& pass out year: mca-2006-jan(fulltime)/ 63%.







",1
26,"Greetings, 

I've read through the job description and find that
it matches my profile perfectly. I would love to try to
interview for it if it is still available. I would also
be interested in any other such positions should I not be chosen
but something comes up in the future.

Regards.",1
39," 
to whom it might concern,

I am currently working in a tech company in California State, in any case, I am interested in the job position offer.
",1
251,"thanks for your email.
please find my updated resumes.







",1
77,"many thanks for your phone call yesterday and the offer of the role of Data processing manager at Nolan LLC.
i sincerely appreciate you taking the time to discuss salary expectations with me.
unfortunately, i will have to decline this role as the salary does not meet the financial requirements of my current living expenses.
thank you again for your consideration, and i wish you all the best in finding someone suitable for the position.",0
178,"i thank you for shown interest on my profile.
herewith, i have attached my resume.
for further discussion, i'm available at any time.







",1
9,"Hi,

The job description looks great but unfortunately
due to personal reasons I can't make the move at this time.
Perhaps some time in the future I will be available so I would still
like to be considered for a future position. I can also refer some 
colleagues who would be interested in this position if you'd like.",0
54," 
Hi,
Thank you for your email.
I have already accepted a job offer from Company X.
Best,
L.",0
32,"thank you very much for offering me the position of Pathologist with Brown, Hawkins and Chen. it was a difficult decision to make, but, i have accepted a position
with another company.
i sincerely appreciate you taking the time to interview me and to share information on the opportunity and your company.",0
35," 

I would like to be considered for this position.
May I ask about some salary specifics and benefits.

Best,
Mrs. Money 
",1
43," 

I received gladly this email, please find attached my cv  

",1
79,"thank you very much for offering me the position of Event organiser at Fox and Sons.
unfortunately, i have decided not to accept the position, as it isn‚Äôt the right fit for me at this time.
i truly appreciate the offer and your consideration.
thank you again for your time and i wish you all the best in finding someone suitable for the position.",0
26,"thank you very much for offering me the opportunity to work at Cooper Inc as Architectural technologist.
after much deliberation, i will not be accepting the position, as it isn‚Äôt the right fit for my long-term career goals.
i sincerely appreciate the offer and give you my best wishes in finding a suitable candidate for the position.
i wish you and the
company well in all future endeavours.",0
103,"thank you so much for the offer to join Brown, Flowers and Charles in the Legal executive role.
i was excited
about the opportunity to work with the team there.
unfortunately, something unexpected came up, and i am unable to go forward with the job as
previously planned.
i would love to stay in touch via linkedin, and i hope our paths cross again in the future.",0
33," 

your job offer is not compatible with my goals carrier.

",0
74,"Hello good afternoon

I send my CV to apply for any position in Intekglobal.

Cheers
Marlenne Banos Leal",0
325,"thanks for your email.
iam  interested in this position.







",1
99,"

Good morning Samantha, I hope you are well.

I wanted to ask you about the dynamics to apply for a job
¬† in the company you work for,
specifically in the area of software development.

Also is the job available, for any age range?
¬† in my case I am 48 years old today.

I'll wait for your response.

Greetings and take good care",0
91,"thank you for offering me the role of assistant manager at Gonzalez, Turner and Carter.
after much consideration, i
regret to inform you that i am declining your offer.
while i believe that your company would be an
excellent place to work due to its outstanding safety profile, i have accepted another role that i think is
more closely aligned with my career goals at this time.
i thoroughly enjoyed meeting you and the rest of the team.
you and the rest of the interviewers were
courteous and supportive, and i wish i could have accepted the offer, but circumstances have prevented
me from doing so.
i am confident that you will find the right candidate, and they will be fortunate to work
at Gonzalez, Turner and Carter.
i wish you and your company all the best.",0
205,"
hello sir, i got your mail regarding position of ai engineer.

please help
me through the further processing requirements.







",1
93,"thank you  for offering me the position of office assistant with carolina solar services.
i appreciate you taking the time to consider me for the role and for answering my
questions about the company and the position.
after much consideration, i will not be accepting the position as it does not fit the path i am taking
to achieve my career goals.
i am currently seeking for a position that would allow me to directly employ my knowledge of solar
energy in thefield so that i can reach my career goals of being a solar technician.
if a position of
this nature becomes available in the future, i would appreciate being considered for such a role.
again, thank you for your consideration, and i wish you all the best.",0
105,"although you have been most encouraging in outlining
future development prospects inside King, Barton and King, i have accepted one other alternative
that‚Äôs extra in step with my abilities and profession objectives.
i loved assembly you and the remainder of your group.
you have been most type and gracious
all through the interview course of, and i solely want that circumstances allowed me to settle
for your provide.",0
78,"thank you very much for offering me the opportunity to work at Norris, Wilson and Kelley as Clinical embryologist.
after much deliberation, i will not be accepting the position, as it isn‚Äôt the right fit for my long-term career goals.
i sincerely appreciate the offer and give you my best wishes in finding a suitable candidate for the position.
i wish you and the company well in all future endeavours.",0
90,"Dear Samantha Medina

Last Tuesday March 3 you called me
and you agreed to send me the necessary information
for the job position of a physical-mathematical
¬† which I applied to in OCC.

I am interested in the information
¬† and the developing work in the company
where you work INTEKGLOBAL TECHNOLOGIES.


I am at your command through the
email or my cell number
For any information.

Cheers",0
13,"Hi,

The position matches my profile and the location 
is ideal. Unfortunately it does not meet my current
financial requirements. If the salary is not negotiable 
then I cannot accept. ",0
52," 
I am not available for this position.
",0
258,"i am sending my resume for your consideration.
please let me know, if my
knowledge and experience suits your requirements.







",1
55,"while accepting the position i was certain that i fit the criteria for the said role.
however, after some research and findings, i need to rescind my acceptance of your generous job offer.
while i hold you, your team, and
Dominguez, Olson and Allen in the highest regard, i am not in a position at this time to accept your offer.
i want to wish you and Dominguez, Olson and Allen the best continued success.
thank you again, Jennifer Lee, for all your time and efforts.
perhaps our paths will cross again someday.",0
142,"i am sending you my updated resume in attached file.







",1
92,"Hi good day.

I am Angel Trujillo Gallegos,
and I'm interested in working on your team,
I saw the AI ‚Äã‚ÄãMachine Learning ad about a new position
¬†
I have extensive experience in systems integration,
knowledge in RP systems, knowledge of servers,
and web development, including a specialization
in software engineering, I also have
knowledge of business rules, entrepreneurship,
¬†personnel management, project and platform development,
¬†I also have a master's degree in electronics and computing
¬†with focus and specialization in artificial intelligence,
¬†with machine learning methodologies,
for process automation and data analysis,
¬†I also have a certification of industrial processes
¬†made in south korea. I'm in total
willingness to work, including abilities
¬†to travel since I have a valid passport and
¬†the possibility of relocation (if necessary),
¬†I currently live in Monterrey Nuevo Le√≥n.

I would like to have a longer talk 
¬†to let you know about all my experiences and
knowledge for the position, I attached
¬†to this email and I'll be available at my phone
 3323486788.
Greetings and
¬†have a good day",0
73,"Good afternoon.
¬†
I saw publication of employment
¬†coming out in indeed and I want
¬†send my resume.
I am very interested in the position.

¬†
Regards.",1
